created_at,id_str,full_text,quote_count,reply_count,retweet_count,favorite_count,lang,user_id_str,conversation_id_str,username,tweet_url,mention_username
Thu Nov 09 02:05:17 +0000 2023,1722435157796204930,bella hadid backstage for marc jacobs fw20 https://t.co/md9gL5j9xL,7,4,385,3447,en,1515531723458715655,1722435157796204930,thesoftestaura,https://twitter.com/thesoftestaura/status/1722435157796204930,
Thu Nov 09 01:37:10 +0000 2023,1722428083284721949,street style looks by bella hadid https://t.co/DA3yvbUNyp,0,5,31,222,en,960972758199889920,1722428083284721949,bellahadid,https://twitter.com/bellahadid/status/1722428083284721949,
Thu Nov 09 01:30:31 +0000 2023,1722426408155132263,"Ø§Ù„Ø³Ù„Ø§Ù… Ø¹Ù„ÙŠÙƒÙ… ÙˆØ±Ø­Ù…Ø© Ø§Ù„Ù„Ù‡ ÙˆØ¨Ø±ÙƒØ§ØªÙ‡ğŸƒ ØµØ¨Ø­ Ø¨Ø®ÛŒØ± â™¥ï¸  #BoycotteBankAlFalah #BoycottDior #NZvsSL  #SaraAliKhan ayub park #HarisRaug Bella Hadid PKR 59,999 #Ø£Ø¨ÙˆØ¹Ø¨ÙŠØ¯Ø© #Hamas #Ø·ÙˆÙØ§Ù†_Ø§Ù„Ø£Ù‚ØµÙ‰ https://t.co/syzV96CTvq",1,68,23,222,ar,1569325167184121856,1722426408155132263,kanwalrazi20,https://twitter.com/kanwalrazi20/status/1722426408155132263,
Thu Nov 09 01:06:21 +0000 2023,1722420325068276085,AP à¸£à¸²à¸¢à¸‡à¸²à¸™à¸§à¹ˆà¸²à¸‚à¹ˆà¸²à¸§à¹€à¸£à¸·à¹ˆà¸­à¸‡ Bella Hadid à¸–à¸¹à¸ Dior à¸›à¸¥à¸”à¹€à¸à¸£à¸²à¸°à¸­à¸­à¸à¸¡à¸²à¸à¸¹à¸”à¹€à¸£à¸·à¹ˆà¸­à¸‡à¸›à¸²à¹€à¸¥à¸ªà¹„à¸•à¸™à¹Œà¹„à¸¡à¹ˆà¹€à¸›à¹‡à¸™à¸„à¸§à¸²à¸¡à¸ˆà¸£à¸´à¸‡ à¸ªà¸±à¸à¸à¸²à¸‚à¸­à¸‡à¹€à¸šà¸¥à¸¥à¹ˆà¸²à¸à¸±à¸š Dior à¸«à¸¡à¸”à¹„à¸›à¸•à¸±à¹‰à¸‡à¹à¸•à¹ˆà¹€à¸”à¸·à¸­à¸™à¸¡à¸µà¸™à¸² 2022 à¹à¸¥à¸°à¸•à¸±à¹‰à¸‡à¹à¸•à¹ˆà¸›à¸µ 2016 à¸¡à¸²à¸ˆà¸™à¸–à¸¶à¸‡à¸§à¸±à¸™à¸—à¸µà¹ˆà¸ªà¸±à¸à¸à¸²à¸‚à¸­à¸‡à¹€à¸˜à¸­à¸«à¸¡à¸” à¹€à¸šà¸¥à¸¥à¹ˆà¸²à¹€à¸›à¹‡à¸™ Brand Ambassador à¹ƒà¸«à¹‰à¸à¸±à¸š Dior Beauty à¹à¸¥à¸°à¸à¸¹à¸”à¹€à¸£à¸·à¹ˆà¸­à¸‡à¸›à¸²à¹€à¸¥à¸ªà¹„à¸•à¸™à¹Œà¸¡à¸²à¸•à¸¥à¸­à¸”à¹‚à¸”à¸¢à¸—à¸µà¹ˆà¹„à¸¡à¹ˆà¸¡à¸µà¸›à¸±à¸à¸«à¸²à¹ƒà¸”à¹† https://t.co/kxjHJnuwWB,11,2,1934,512,th,1110879967137550336,1722420325068276085,moviesmusic_th_,https://twitter.com/moviesmusic_th_/status/1722420325068276085,
Wed Nov 08 23:28:13 +0000 2023,1722395632281821686,dystopian that gal gadot isnâ€™t even american but has been given a platform to spread zionist propaganda in california and NYC while bella hadid who IS american is losing jobs in her own country,153,278,28040,96247,en,1248721657264517122,1722395632281821686,highnxck,https://twitter.com/highnxck/status/1722395632281821686,
Wed Nov 08 23:16:59 +0000 2023,1722392801671815591,"the fashion forward brand is beloved by many high profile people including, but not limited to, bella hadid, julia fox, and elyanna https://t.co/IC77Ri2H2O",0,2,29,433,en,875330368890691584,1722392753575694814,MIUCClAMUSE,https://twitter.com/MIUCClAMUSE/status/1722392801671815591,
Wed Nov 08 19:09:13 +0000 2023,1722330452042649812,32 mil comentÃ¡rios defendendo a Bella e a Palestina no Ãºltimo post da Dior. â¤ï¸,3,1,5,128,pt,3325146441,1722330452042649812,BellaHadidBra,https://twitter.com/BellaHadidBra/status/1722330452042649812,
Wed Nov 08 21:21:44 +0000 2023,1722363799171125418,"Hacer la vista ğŸ‘€gorda a los crÃ­menes â˜ ï¸de Israel ğŸ‡®ğŸ‡± estÃ¡ de moda   Â¿No me crees?  ğŸ‘‰Pues sÃ­, Dior reemplaza a la palestina Bella Hadid por una modelo israelÃ­  ğŸ‘‰Isabella Khair Hadid, mÃ¡s conocida como Bella Hadid, es una modelo estadounidense hija de padre palestino y madreâ€¦ https://t.co/DDMjrNE9Zc",1,8,140,145,es,1476621826369466372,1722363799171125418,ElNecio_Cuba,https://twitter.com/ElNecio_Cuba/status/1722363799171125418,
Wed Nov 08 21:21:31 +0000 2023,1722363746100662603,"ğŸš¨ JUST IN:  DID DIOR REPLACE PALESTINIAN BELLA HADID WITH ISRAELI MODEL DUE TO WAR?  The claim that Dior dropped Bella Hadid due to her comments on the Israel-Hamas conflict is false.  Hadid's contract with Dior ended in March 2022, unrelated to the conflict.  The new holidayâ€¦ https://t.co/tzLp1rijmM",5,175,43,227,en,1319287761048723458,1722363746100662603,MarioNawfal,https://twitter.com/MarioNawfal/status/1722363746100662603,
Wed Nov 08 18:44:10 +0000 2023,1722324148871930182,Il contatto di Bella Hadid con Dior Ã¨ concluso a marzo 2022 Esistono ancora giornali seri che non vendano fakenews?,2,13,56,239,it,384340494,1722324148871930182,vanabeau,https://twitter.com/vanabeau/status/1722324148871930182,
Wed Nov 08 19:12:01 +0000 2023,1722331157000249788,AP has confirmed that Bella Hadidâ€™s contract with Dior ended in March 2022. https://t.co/nPuiHM1jzs,17,3,42,302,en,2471206543,1722331157000249788,CoutureIsBeyond,https://twitter.com/CoutureIsBeyond/status/1722331157000249788,
Wed Nov 08 22:30:00 +0000 2023,1722380980303151424,"Social media users are sharing a baseless claim that Dior has ditched supermodel Bella Hadid due to recent comments on the latest Israel-Hamas war, and replaced her in a new campaign with Israeli model May Tager. https://t.co/yWIIxQ42zA",9,1,85,128,en,833612154,1722380980303151424,APEntertainment,https://twitter.com/APEntertainment/status/1722380980303151424,
Wed Nov 08 19:12:22 +0000 2023,1722331245214879971,People are losing jobs for taking a stance against GENOCIDE &amp  Bella Hadid who is Palestinian has to tip toe around her statements bc she &amp  her family are getting death threats but zionists can mock the trauma &amp  brag about the ethnic cleansing of Palestinians with no consequences,0,2,109,408,en,1642320232155840512,1722331245214879971,allthislouis91,https://twitter.com/allthislouis91/status/1722331245214879971,
Wed Nov 08 18:25:36 +0000 2023,1722319474207142027,"Via la palestinese Bella Hadid dalla campagna Dior di Natale, al suo postoÂ lâ€™israeliana May Tager https://t.co/KxRwikPQd4",25,149,31,150,it,29416653,1722319474207142027,LaStampa,https://twitter.com/LaStampa/status/1722319474207142027,
Wed Nov 08 18:20:27 +0000 2023,1722318179308048703,We Muslims Have Faith And Thats Our  Biggest Power.  #NZvsSL #QudratKaNizam #SaraAliKhan Hafeez Bella Hadid https://t.co/swCDnrSDmx,1,1,22,184,en,1537821312445558784,1722318179308048703,SaysbyMKT,https://twitter.com/SaysbyMKT/status/1722318179308048703,
Wed Nov 08 17:44:00 +0000 2023,1722309005660377348,"Lo disse lei stessa: â€œNon smetterÃ² mai di supportare la Palestina, anche se dovessi perdere il mio lavoro da modellaâ€.  Bella Hadid Ã© una delle poche persone nello showbiz che merita. https://t.co/QH8bVp5tJc",4,4,315,2019,it,515784257,1722309005660377348,itsnorab,https://twitter.com/itsnorab/status/1722309005660377348,
Wed Nov 08 17:37:20 +0000 2023,1722307326927888503,Oltre al genocidio stesso si sta mettendo in atto una vera e propria cancel culture di tutto ciÃ² che riguarda il mondo e la cultura palestinese anche a livello â€œcommercialeâ€ e la questione tra Bella Hadid e DIOR ne Ã¨ lâ€™ennesima dimostrazione perchÃ© Ã¨ un netto schieramento,0,6,63,327,it,515784257,1722307326927888503,itsnorab,https://twitter.com/itsnorab/status/1722307326927888503,
Wed Nov 08 17:28:10 +0000 2023,1722305022564663599,"bella hadid ha due palle grosse cosÃ¬, che altre celebritÃ  non hanno, perchÃ¨ lei sa che supportando la palestina mette a rischio la sua carriera e se ne sbatte altamente. dior e tanti alti marchi sono lo schifo dello schifo.",5,15,481,3607,it,1254530625970884610,1722305022564663599,handstomyxsel,https://twitter.com/handstomyxsel/status/1722305022564663599,
Wed Nov 08 17:12:12 +0000 2023,1722301002932445323,"Quindi secondo il colosso DIOR va â€œpunitaâ€ Bella Hadid in quanto metÃ  palestinese in favore di una modella israeliana (nulla contro la ragazza), spero falliscano a questo punto",0,6,41,448,it,515784257,1722301002932445323,itsnorab,https://twitter.com/itsnorab/status/1722301002932445323,
Wed Nov 08 16:52:16 +0000 2023,1722295987006259332,@Agenzia_Ansa La gente si fa di crack. Bella Hadid ha solo il sangue palestinese. Ãˆ nata miliardaria. Vissuta tutta la vita a Beverly Hills. Sotto la luce dei reality (sua madre era parte del cast di Real housewives of Beverly hills). Pensare anche solo remotamente che ci sia una connessioneâ€¦,0,28,9,219,it,1368857921443008522,1722288045024542782,RassegnataS,https://twitter.com/RassegnataS/status/1722295987006259332,Agenzia_Ansa
Wed Nov 08 16:38:16 +0000 2023,1722292462306177195,Dior really replaced Bella Hadid with an israeli model all cause she spoke up about the genocide in Gaza. they make it very clear what they stand for. #BoycottDior https://t.co/sb0kpK06xZ,9,3,83,206,en,220108277,1722292462306177195,palidox,https://twitter.com/palidox/status/1722292462306177195,
Wed Nov 08 16:31:41 +0000 2023,1722290805849653303,Bella Hadid e tutta la sua famiglia sta subendo tutto questo perchÃ© la loro â€œcolpaâ€ Ã¨ essere per metÃ  palestinese e hanno scelto di non stare in silenzio. Che schifo!,0,7,26,311,it,113010566,1722290805849653303,goddessofnight_,https://twitter.com/goddessofnight_/status/1722290805849653303,
Wed Nov 08 16:20:43 +0000 2023,1722288045024542782,"Via la palestinese Bella Hadid dalla campagna di Natale di Dior, scelta l'israeliana May Tager #ANSA https://t.co/psAj5RHsR1",716,647,234,1336,it,150725695,1722288045024542782,Agenzia_Ansa,https://twitter.com/Agenzia_Ansa/status/1722288045024542782,
Wed Nov 08 15:39:56 +0000 2023,1722277784788279755,O tema do Met Gala de 2024 acaba de ser divulgado: â€œBelas Adormecidas: Despertando a Modaâ€.,76,3,12,308,pt,3325146441,1722277784788279755,BellaHadidBra,https://twitter.com/BellaHadidBra/status/1722277784788279755,
Wed Nov 08 15:37:15 +0000 2023,1722277109589278870,"Penuturan ayah Bella Hadid, tentang ortunya yg diusir dr rmh mrk  sendiri, oleh imigran Yahudi yg awalnya numpang di rmh mrk. Israel dibangun di atas p'hancuran, p'usiran, prampasan, pbunuhan, trhdp bangsa Palestina.  Bangsa Palestina BERHAK utk melawan. #FreePalestine https://t.co/8DG9CjFueM",6,5,207,341,in,1490536743137087490,1722277109589278870,dina_sulaeman,https://twitter.com/dina_sulaeman/status/1722277109589278870,
Wed Nov 08 14:47:25 +0000 2023,1722264568611885355,More power to you Bella Hadid â¤ï¸ #bellahadid https://t.co/oX1xHS4p7r,0,8,9,192,en,1315651577944903680,1722264568611885355,Biya_says_,https://twitter.com/Biya_says_/status/1722264568611885355,
Wed Nov 08 12:27:00 +0000 2023,1722229229214126196,"Boicot a Dior"": PolÃ©mica tras reportes de que la empresa reemplazÃ³ a la modelo palestina Bella Hadid por una israelÃ­ - RT https://t.co/GYGB1DYJJB""",7,12,368,420,es,176276685,1722229229214126196,arayamas,https://twitter.com/arayamas/status/1722229229214126196,
Wed Nov 08 11:14:58 +0000 2023,1722211103474921809,Bella Hadid ğŸ™ŒğŸ» https://t.co/KTcVMQclIH,0,5,11,125,en,1705988424505733120,1722211103474921809,l0l_world,https://twitter.com/l0l_world/status/1722211103474921809,
Wed Nov 08 10:47:32 +0000 2023,1722204197343596772,Bella Hadid has left Dior for Charlotte Tilbury since Mars 2023. She wasnâ€™t fired by Dior for supporting Palestine.,0,8,48,208,en,448259967,1722204197343596772,LadyVelvet_HFQ,https://twitter.com/LadyVelvet_HFQ/status/1722204197343596772,
Wed Nov 08 10:34:37 +0000 2023,1722200948356079783,Ù¾Ø§Ú©Ø³Ø§Ù† Ø§ÛŒÚ© Ø¢Ø²Ø§Ø¯ Ù…Ù„Ú© ÛÛ’ØŒ ØªÙˆ ÛÙ…ÛŒÚº Ø§ÙˆØ§Ø² Ø§Ù¹Ú¾Ø§Ù†Û’ Ú©Ø§ Ø­Ù‚  Ú©ÛŒÙˆÚº Ù†ÛÛŒÚº ÛÛ’ Ø§Ø³ Ø³ÙˆØ§Ù„ Ú©Ø§ Ø¬ÙˆØ§Ø¨ Ú†Ø§ÛÛŒÛ’ØŸ  #Ø·ÙˆÙØ§Ù†_Ø§Ù„Ø§Ù‚Øµ  #ÙÙ„Ø³Ø·ÙŠÙ†_ØªÙ†ØªØµØ±  #BellaHadid #QudratKaNizam #Maxwell #AUSvsAFG #Gold #FreeGaza https://t.co/Yn8ddOG3VW,5,67,97,236,ur,1700958159097982976,1722200948356079783,SSKHAN911,https://twitter.com/SSKHAN911/status/1722200948356079783,
Wed Nov 08 09:04:20 +0000 2023,1722178227320332778,Retweetez en masse ! ğŸš¨  Le mannequin Bella Hadid a Ã  plusieurs reprises exprimÃ© des messages de haine contre #IsraÃ«l . #LVMH se devait dâ€™Ãªtre sensible Ã  cela. Chez #Lvmh La haine des #juifs ne sera pas tolÃ©rÃ©e. Bella est remplacÃ©e par le mannequin #israÃ©lien May Tager  #tpmpâ€¦ https://t.co/V3YLY3kYj1,20,97,706,1189,fr,857699591604645888,1722178227320332778,charles_taieb,https://twitter.com/charles_taieb/status/1722178227320332778,
Wed Nov 08 08:46:50 +0000 2023,1722173823783768207,"@tanyakanrl Bella Hadid, cantik rupanya, cantik pula hatinyağŸ˜ #freepalestine #Gaza_Geniocide #BoycottDior https://t.co/UiU4ut3qfk",2,3,21,463,in,786549338818224128,1722160119973376115,akuratco,https://twitter.com/akuratco/status/1722173823783768207,tanyakanrl
Wed Nov 08 08:09:30 +0000 2023,1722164425925570592,@neohistoria_id cantik banget yaa bella hadid,1,1,25,1992,in,1283024770804510721,1722093222166704525,ermedia8e,https://twitter.com/ermedia8e/status/1722164425925570592,neohistoria_id
Wed Nov 08 07:59:58 +0000 2023,1722162028251680856,"@tanyakanrl Yes, Bella ngga pusing dipecat demi dukung Palestina: Dior Ganti Bella Hadid dengan Model Israel Karena Pro Palestina https://t.co/KI5SedG3QL",1,2,21,635,in,786549338818224128,1722160119973376115,akuratco,https://twitter.com/akuratco/status/1722162028251680856,tanyakanrl
Wed Nov 08 07:58:28 +0000 2023,1722161649728303183,@tanyakanrl bellahadid aku padamuğŸ¤,0,0,2,972,in,1458810785832996867,1722160119973376115,fleurosesx,https://twitter.com/fleurosesx/status/1722161649728303183,tanyakanrl
Wed Nov 08 07:52:23 +0000 2023,1722160119973376115,"ğŸ’š Bella Hadid waktu ultah bapaknya:  â€œHappy Birthday to my Baba. Mohamed Hadid. Born in Nazareth, Palestinee. November 6, 1948.  She is proud to be palestinianğŸ˜­ğŸ™Œ https://t.co/kJ23ocgPBi""",137,184,3803,36682,in,1331650559518990336,1722160119973376115,tanyakanrl,https://twitter.com/tanyakanrl/status/1722160119973376115,
Wed Nov 08 06:54:11 +0000 2023,1722145472826011877,Dior troca a Bella Hadid (#Palestina) por uma modelo israelense! Vamos lÃ¡ no Instagram da #Dior agradecer!   @Dior Well done ğŸ™ğŸ¼ğŸ’• #israel #FreePalestinFromHamas https://t.co/uIM8TtdBEX,23,76,439,2492,pt,112420325,1722145472826011877,desireerugani,https://twitter.com/desireerugani/status/1722145472826011877,Dior
Wed Nov 08 06:44:57 +0000 2023,1722143148279783838,"60 milyon takipÃ§isi ile bella hadid bizim safÄ±mÄ±zda yer alÄ±rken, Bizimkilerde iÅŸte napsÄ±n 3-5 takipÃ§i kaybederim korkusuyla safÄ±nÄ± bile belli edemiyor yazÄ±k.",4,4,22,519,tr,2943725127,1722143148279783838,mercekbulutu,https://twitter.com/mercekbulutu/status/1722143148279783838,
Wed Nov 08 05:29:52 +0000 2023,1722124253963981298,I've seen some army concerned about a report that Dior replaced Bella Hadid due to her stance on Palestine.  This is completely FALSE. Although Bella  previously worked with Dior she became the face of Charlotte Tilbury in MARCH this year.  Please help correct this misinformation https://t.co/k3Oc3zzhAv,19,9,370,691,en,620069645,1722124253963981298,nyakay,https://twitter.com/nyakay/status/1722124253963981298,
Wed Nov 08 05:10:36 +0000 2023,1722119406711603280,"@kdrama_menfess Gila bella hadid ja mpe dicut dan diganti. Pantes bnyk artis yg jadi ba g pernah speak up ttg isu gaza , takut nanti dicut dankarir nya ancur. Segitu power nya kah tuh mamarika dan anakny isriwil?",0,8,4,253,in,3103919198,1722100054742438171,hikunnoona,https://twitter.com/hikunnoona/status/1722119406711603280,kdrama_menfess
Wed Nov 08 04:08:20 +0000 2023,1722103735814664676,"Dior telah menggantikan Bella Hadid dengan model Israel dalam kempen terbaru mereka.  Ini berlaku selepas Bella Hadid tampil menyokong Palestin.  Sebagai berdarah Palestin, Bella memang penyokong tegar Palestin. Keluarganya menderita secara langsung akibat penjajahan kejamâ€¦ https://t.co/WdfAoVKReH",26,9,211,295,in,908651280,1722103735814664676,seketulawan,https://twitter.com/seketulawan/status/1722103735814664676,
Wed Nov 08 04:07:00 +0000 2023,1722103399435706768,"Boicot a Dior"": PolÃ©mica tras reportes de que la empresa reemplazÃ³ a la modelo palestina Bella Hadid por una israelÃ­ https://t.co/tZMjGIdMh4""",32,45,1794,2453,es,100731315,1722103399435706768,ActualidadRT,https://twitter.com/ActualidadRT/status/1722103399435706768,
Wed Nov 08 03:30:42 +0000 2023,1722094264270848013,"Bella Hadid, a beautiful supermodel with high principles. Fly high Bella  ğŸ¤ğŸ¦‹https://t.co/zlfLlhDkc3",0,2,38,214,en,1627211181550342145,1722094264270848013,lalalalm_aj,https://twitter.com/lalalalm_aj/status/1722094264270848013,
Wed Nov 08 03:25:45 +0000 2023,1722093020647145682,"ğŸ’š Bella hadid 60,8 jt followers diganti sama dia yg followersnya aja masih banyakan cimoyğŸ˜” https://t.co/XufAUpeuwM",1008,1214,2561,41510,in,1371650588,1722093020647145682,tanyarlfes,https://twitter.com/tanyarlfes/status/1722093020647145682,
Wed Nov 08 02:59:44 +0000 2023,1722086472864633011,@westenthu Replacing THE BELLA HADID with WHO?,0,2,10,183,en,1393392535267987461,1722085137587048822,idlelicates,https://twitter.com/idlelicates/status/1722086472864633011,westenthu
Wed Nov 08 02:28:09 +0000 2023,1722078523786191174,"@tanyarlfes Gpp bel, rezeki ga akan kemana, siapa tau kan setelah bella hadid dukung Palestina makin banyak tawaran yang antri, keputusan bella hadid emang paling tepat, respect â¤",0,1,0,222,in,1353029606551351298,1722076346665631808,satriarafisky,https://twitter.com/satriarafisky/status/1722078523786191174,tanyarlfes
Wed Nov 08 02:48:38 +0000 2023,1722083680963981764,@CensoredMen Bella hadid is also stand with palestine ğŸ‡µğŸ‡¸ https://t.co/vwyaObrzym,4,11,12,167,en,1553760132382822404,1722060919734174197,apka_mtlb_,https://twitter.com/apka_mtlb_/status/1722083680963981764,CensoredMen
Wed Nov 08 02:27:43 +0000 2023,1722078414235107798,"@tanyarlfes respect bella hadid, gws deh dior",0,1,1,297,in,1692549005312765952,1722076346665631808,zzzzzlayz,https://twitter.com/zzzzzlayz/status/1722078414235107798,tanyarlfes
Wed Nov 08 01:58:13 +0000 2023,1722070992564937058,"Sedap gila nama betul Bella Hadid, Isabella Khairiah Hadid. Nama Gigi pun sedap, Jelena Noura Hadid.   But nama Khairiah tu sedap yaaaaaa",77,20,682,2192,in,333590423,1722070992564937058,keemmazni,https://twitter.com/keemmazni/status/1722070992564937058,
Wed Nov 08 01:53:59 +0000 2023,1722069926804877420,Mewing starts to gain popularity around 2019. Few years later and models/normies are obsessed with â€œhollow cheekâ€ look and good faciodental development. Reign of Bella Hadid and TimothÃ©e Chalamet. Modeling is downstream of looksmaxxing forums.,1,10,7,236,en,1361767691909005315,1722069926804877420,SperglerAcolyte,https://twitter.com/SperglerAcolyte/status/1722069926804877420,
Wed Nov 08 01:48:22 +0000 2023,1722068512330355183,"@SergioAJBarrett Essas marcas grandes a maioria ligada a trabalho escravo, a Bella Hadid nÃ£o perdeu nada,ganhou foi um livramento isso sim",0,5,4,231,pt,1355670227925819397,1722021091739131904,2021_drika,https://twitter.com/2021_drika/status/1722068512330355183,SergioAJBarrett
Wed Nov 08 01:40:28 +0000 2023,1722066525602099579,"Dior replaces bella with israeli model as BA, while donatella versace, a living legend fashion icon likes the bella hadidâ€™s post about palestine. And lusi will associate with Versace very soon. I stand kind and empathy celebrities ğŸ˜ğŸ˜˜ https://t.co/M8ZvHbEpOc",8,4,64,207,en,1313291433424502786,1722066525602099579,prettybalqislol,https://twitter.com/prettybalqislol/status/1722066525602099579,
Wed Nov 08 00:15:13 +0000 2023,1722045070658933246,ğŸ•Š bella hadid keren banget! https://t.co/0NnvVTt4Tl,21,25,130,1221,in,1291404424250712064,1722045070658933246,westenthu,https://twitter.com/westenthu/status/1722045070658933246,
Wed Nov 08 00:13:23 +0000 2023,1722044607910093272,ğŸ’š bella hadid keren banget! https://t.co/Cfc0lIWRwr,600,612,7360,48245,in,1371650588,1722044607910093272,tanyarlfes,https://twitter.com/tanyarlfes/status/1722044607910093272,
Tue Nov 07 23:40:11 +0000 2023,1722036254231888045,dua lipa and bella hadid were INSANE for this https://t.co/yRCNfXJILm,0,3,23,249,en,1294010109555769345,1722036254231888045,futurehadid,https://twitter.com/futurehadid/status/1722036254231888045,
Tue Nov 07 23:28:05 +0000 2023,1722033207716065523,"@rrysbunny Ik Angelina Jolie, Bella Hadid, Kid Cudi, Zayn Malik, Florence Pugh, and Phoebe Tonkin have shared stuff such as donation links. Hope this helps",0,5,16,570,en,1113841094545018881,1721997343950602391,1dhesgucci,https://twitter.com/1dhesgucci/status/1722033207716065523,rrysbunny
Tue Nov 07 23:23:37 +0000 2023,1722032084946981044,bella hadid for savage x fenty show (2020) by rihanna https://t.co/1oBFgckr59,45,17,820,9161,en,721437465010016256,1722032084946981044,itgirlaries,https://twitter.com/itgirlaries/status/1722032084946981044,
Tue Nov 07 23:07:39 +0000 2023,1722028065021194413,Took a break from my studies for selfies. Now back at it https://t.co/5VqpBxHmJY,0,2,4,174,en,949348045044486144,1722028065021194413,samueladamshall,https://twitter.com/samueladamshall/status/1722028065021194413,
Tue Nov 07 21:59:48 +0000 2023,1722010991884714111,"Ontem foi aniversÃ¡rio do melhor baba que Bella poderia pedir. Desejamos a Mohamed apenas as melhores coisas da vida e, especialmente agora, desejamos que ele possa ver a sua terra natal, a Palestina, livre. https://t.co/vt36nCJWf2",1,0,7,159,pt,1412586931985305600,1722010991884714111,BHadidBrasil,https://twitter.com/BHadidBrasil/status/1722010991884714111,
Tue Nov 07 22:39:56 +0000 2023,1722021091739131904,"E apÃ³s a Top Model Internacional Bella Hadid ter se posicionado publicamente CONTRA O GENOCÃDIO na Faixa de Gaza e PELA PALESTINA LIVRE, a Dior a substituiu por uma israelense em sua campanha.  Ã‰ quando uma Grife da Alta Costura se alia a uma CHACINA? https://t.co/jZSQlvdWNg",70,178,1009,5554,pt,1094038644770385920,1722021091739131904,SergioAJBarrett,https://twitter.com/SergioAJBarrett/status/1722021091739131904,
Tue Nov 07 23:04:05 +0000 2023,1722027169814102076,"ğŸ‡®ğŸ‡±ğŸ‡«ğŸ‡· Dior replaces Palestinian"" terror supporter Bella Hadid with an Israeli supermodel in their latest campaign. That comes after the hashtag ""Boycott Dior"" trended on social media platform X.   Excellent move by Dior.ğŸ™ https://t.co/0SW9qewCSW""",14,65,96,473,en,754718787237281792,1722027169814102076,Terror_Alarm,https://twitter.com/Terror_Alarm/status/1722027169814102076,
Tue Nov 07 21:16:06 +0000 2023,1721999995484692678,this is how i'd react if bella hadid followed me too idk abt yall,7,15,340,2993,en,1445138650522701824,1721999995484692678,NADIlNE,https://twitter.com/NADIlNE/status/1721999995484692678,
Tue Nov 07 21:12:19 +0000 2023,1721999041184358754,"NAKBA KELUARGA HADID  Mohamed Hadid, Ayah Bella Hadid menceritakan kisah nyata keluarga mereka, bagaimana para pengungsi YAHUDI mengambil alih rumah dan mengusir MEREKA  #FreePalestineNow  #ØºØ²Ø©_ØªØ²Ø­Ù_Ø§Ù„Ù‰_Ø§Ù„Ù‚Ø¯Ø³  #GazaHolocaust  #Gaza  Tarian Haram Dipecat Urat Leher Begadang Barca https://t.co/uTp1FVCuuK",3,3,165,191,in,1104200981674287105,1721999041184358754,Been4Q59,https://twitter.com/Been4Q59/status/1721999041184358754,
Tue Nov 07 19:59:58 +0000 2023,1721980832594669599,@DanelBenNamer We are so proud of our beautiful and natural May Tager whoâ€™s replace Bella Hadid. https://t.co/1iSoa4IgGz,14,68,15,398,en,1275840094436577283,1721939782186537015,JaneAdams95,https://twitter.com/JaneAdams95/status/1721980832594669599,DanelBenNamer
Tue Nov 07 19:41:20 +0000 2023,1721976143748767855,"i donâ€™t even know if yâ€™all remember but when last time this happened and bella hadid was way more vocal, they had such a big meltdown and tweeted something along the lines of â€œwe only have gal gadot x number of instgram followers meanwhile THEY have bella and gigiâ€",0,1,2,140,en,1345483075556433922,1721975453945041118,mxrzxa,https://twitter.com/mxrzxa/status/1721976143748767855,
Tue Nov 07 18:58:16 +0000 2023,1721965306502103386,ğŸ•Šï¸  dior hapus bella hadid jadi BA dan digantiin sama model asal israel. what a SHAMEFUL move DIOR! https://t.co/DSZRzNyYTO,1421,818,3602,24886,in,1291404424250712064,1721965306502103386,westenthu,https://twitter.com/westenthu/status/1721965306502103386,
Tue Nov 07 18:30:46 +0000 2023,1721958385262739862,"âŒLâ€™information indiquant que Madame Hadid aurait Ã©tÃ© Ã©vincÃ© de la maison Dior pour avoir pris position pour la Palestine est fausse. En provenance dâ€™un mÃ©dia Jordanien, Albawaba.  Bella Hadid a quittÃ© Dior il y a un an et est depuis mars dernier et lâ€™Ã©gÃ©rie de Charlotte Tilbury. https://t.co/P44PnFoCsH",6,4,75,228,fr,1195328979504418816,1721958385262739862,coryleguen,https://twitter.com/coryleguen/status/1721958385262739862,
Tue Nov 07 18:45:15 +0000 2023,1721962030662287507,aÅŸÄ±rÄ± pahalÄ± cilt bakÄ±m Ã¼rÃ¼nleri kullanÄ±yoken gÃ¼nde Ã¼Ã§ paket noodle 5 saat uyku ve deli gibi antidepresan kullanÄ±yorum sonra cildim niye bella hadid olmuyor niye olsun aq kodumun karÄ±sÄ± sg nivea kullan bu hayata o Ã§ok bile,27,23,98,4807,tr,1394763803561189376,1721962030662287507,cakaloglucakal,https://twitter.com/cakaloglucakal/status/1721962030662287507,
Tue Nov 07 18:52:48 +0000 2023,1721963931202175021,Dump #Dior NOW. Take a picture of you doing so #DumpDior #BellaHadid #Palestine,15,88,655,1542,en,15484198,1721963931202175021,georgegalloway,https://twitter.com/georgegalloway/status/1721963931202175021,
Tue Nov 07 18:22:42 +0000 2023,1721956354728841675,bella hadid â¤ï¸ https://t.co/7xr7Z2t0Pt,12,2,195,2100,en,140851445,1721956354728841675,yxakirves,https://twitter.com/yxakirves/status/1721956354728841675,
Tue Nov 07 18:05:38 +0000 2023,1721952061225615457,@jakeshieldsajj Bella hadid stand with Humanity and Palestine so they replaced her May God bless her,0,4,5,265,en,134121234,1721951632068624568,imu07280300033,https://twitter.com/imu07280300033/status/1721952061225615457,jakeshieldsajj
Tue Nov 07 17:55:21 +0000 2023,1721949473604288600,@jacksonhinklle respect for Bella Hadid she stands with humanity ğŸ‡µğŸ‡¸ https://t.co/wv9i2IcQ3W,0,3,32,171,en,1049622263211982848,1721946233382564176,Rafay_ali32,https://twitter.com/Rafay_ali32/status/1721949473604288600,jacksonhinklle
Tue Nov 07 17:50:15 +0000 2023,1721948190755205366,https://t.co/GXtXd1FDt2,1,3,18,556,zxx,1271132674204274692,1721948190755205366,__khauhelo,https://twitter.com/__khauhelo/status/1721948190755205366,
Tue Nov 07 17:46:35 +0000 2023,1721947267282735195,@jacksonhinklle Bella Hadidâ¤ï¸ğŸ‡µğŸ‡¸ğŸ‡µğŸ‡¸ğŸ‡µğŸ‡¸ https://t.co/zE2Fwnythb,0,7,129,1070,en,2733605627,1721946233382564176,lunacrescenteee,https://twitter.com/lunacrescenteee/status/1721947267282735195,jacksonhinklle
Tue Nov 07 17:42:28 +0000 2023,1721946233382564176,ğŸš¨ğŸ‡®ğŸ‡± Dior has REPLACED Bella Hadid with an ISRAELI model in their latest campaign.  This comes after Bella Hadid came out in support of Palestine. https://t.co/EQ3d9oQF3S,644,2495,6958,21968,en,1151913018936053760,1721946233382564176,jacksonhinklle,https://twitter.com/jacksonhinklle/status/1721946233382564176,
Tue Nov 07 17:28:07 +0000 2023,1721942618714587624,"Dior, Filistinli Bella Hadid'i silip Ä°srailli modelle anlaÅŸtÄ±  â–ªï¸DÃ¼nyaca Ã¼nlÃ¼ FransÄ±z markasÄ± Dior, marka yÃ¼zÃ¼ olan Filistin asÄ±llÄ±Â Bella Hadid yerine yeni reklam kampanyasÄ±nda Ä°srailli manken May Tagerâ€™Ä± tercih etti. â–ªï¸Bella Hadid, Ä°srailâ€™in Gazze'ye yÃ¶nelik saldÄ±rÄ±larÄ±na,â€¦ https://t.co/sKOeI5yZes",8,10,75,281,tr,808297868410912768,1721942618714587624,eha_medya,https://twitter.com/eha_medya/status/1721942618714587624,
Tue Nov 07 17:16:50 +0000 2023,1721939782186537015,Dior just FIRED Bella Hadid. Isnâ€™t it sweet? https://t.co/qbIQHMa5SP,77,216,319,1872,en,1199633460945727488,1721939782186537015,DanelBenNamer,https://twitter.com/DanelBenNamer/status/1721939782186537015,
Tue Nov 07 16:50:18 +0000 2023,1721933104774791228,"Zalime zalim diyebilmek, dÃ¼nyanÄ±n her yerinde bedel Ã¶demek demektir .  Filistinli manken Bella Hadid,  dÃ¼nyaca Ã¼nlÃ¼ FransÄ±z markasÄ± Dior'un reklam yÃ¼zÃ¼ydÃ¼.  Ancak Filistin'deki zulme tepki verdiÄŸi iÃ§in  Dior, Bella Hadid'in yÃ¼zÃ¼ yerine Ä°srailli manken May Tagerâ€™Ä± kullanmayaâ€¦ https://t.co/fjbeONbqtU",1,4,104,398,tr,1242096525670572037,1721933104774791228,ne_kadarolduTR,https://twitter.com/ne_kadarolduTR/status/1721933104774791228,
Tue Nov 07 16:30:04 +0000 2023,1721928011463758316,"Dior, Filistinli Bella Hadid'i silip Ä°srailli modelle anlaÅŸtÄ±  â–ªï¸DÃ¼nyaca Ã¼nlÃ¼ FransÄ±z markasÄ± Dior, marka yÃ¼zÃ¼ olan Filistin asÄ±llÄ±Â Bella Hadid yerine yeni reklam kampanyasÄ±nda Ä°srailli manken May Tagerâ€™Ä± tercih etti.  â–ªï¸Bella Hadid, Ä°srailâ€™in Gazze'ye yÃ¶nelik saldÄ±rÄ±larÄ±na,â€¦ https://t.co/dyuCOlBuzw",21,26,87,305,tr,1361534238,1721928011463758316,oztrk_aydn,https://twitter.com/oztrk_aydn/status/1721928011463758316,
Tue Nov 07 16:29:22 +0000 2023,1721927837257441293,"Dior a carrÃ©ment remplacÃ© Bella Hadid, dâ€™origine palestinienne, par un mannequin israÃ©lien.  Comme dans une colonie en Cisjordanie.  Dior, jâ€™abhorre. https://t.co/n5XhxzUtVv",314,568,4284,11053,fr,105093300,1721927837257441293,claudeelkhal,https://twitter.com/claudeelkhal/status/1721927837257441293,
Tue Nov 07 16:22:35 +0000 2023,1721926128330244450,"ğŸ‡µğŸ‡¸ğŸ‡®ğŸ‡± Dior has replaced Bella Hadid with an Israeli model in their latest campaign.  This comes after Bella Hadid came out in support of Palestine.  Bella has been a longstanding supporter of Palestine, due to her Palestinian heritage, and her family suffering directly from theâ€¦ https://t.co/5tIIeyE7OB",722,1341,5719,19638,en,1604139215406727170,1721926128330244450,CensoredMen,https://twitter.com/CensoredMen/status/1721926128330244450,
Tue Nov 07 15:54:03 +0000 2023,1721918947375894679,Bella Hadid has put her career and life on the line to support her homeland and her people. This woman has my heart.,5,12,250,1130,en,1221476605333127168,1721918947375894679,AwfullyMeh,https://twitter.com/AwfullyMeh/status/1721918947375894679,
Tue Nov 07 13:05:32 +0000 2023,1721876539074367589,"@Amrlamnnn Ni ke? Euw, BELLA HADID TIADA TANDINGAN https://t.co/mBpqk0CbNi",34,11,40,277,in,901387470616444928,1721852994466250959,shidacullenn,https://twitter.com/shidacullenn/status/1721876539074367589,Amrlamnnn
Tue Nov 07 15:59:34 +0000 2023,1721920337384722728,BOYCOTT DIOR!!! Dior replaced Bella Hadid (60M followers) for supporting Palestine with unknown israeli model!! Bella was always vocal about her support to Palestine! Boycott this zionist brand! #BellaHadid #Dior #BoycottDior https://t.co/3Bp0CoKuaw,7,17,91,258,en,792528609684623360,1721920337384722728,MeriemLakhal28,https://twitter.com/MeriemLakhal28/status/1721920337384722728,
Tue Nov 07 14:56:25 +0000 2023,1721904445267783782,"Dior replaced Bella Hadid who was the face of the brand with Israeli model May Tager. Bella reacted to Israel's attacks on Gaza with the words, Even if my career is over, I will never stop supporting Palestine."" #BellaHadid More Power &amp  Respect for You Lady #FreePalestineNow https://t.co/e5p00uL9tp""",18,17,209,463,en,776728393022836737,1721904445267783782,Rimas_Rosa,https://twitter.com/Rimas_Rosa/status/1721904445267783782,
Tue Nov 07 14:49:35 +0000 2023,1721902725745807494,"Una delle principali case di moda: Dior ha sostituito un palestinese con un israeliano  La top model americana di origine palestinese Bella Hadid , che si Ã¨ espressa a sostegno della Palestina, ha cessato di essere il volto della famosa casa di moda francese Dior. Invece, laâ€¦ https://t.co/kBnq0KeOpV",1,9,14,125,it,1501504289939808256,1721902725745807494,Gianl1974,https://twitter.com/Gianl1974/status/1721902725745807494,
Tue Nov 07 14:26:04 +0000 2023,1721896807570215325,"Ini testimoni Mohamed Hadid, ayah dari Gigi Hadid dan Bella Hadid (supermodel dunia), tentang pengusiran mereka oleh Zionist Isreal Terrorist dari rumah mereka pada peristiwa Nakba 1948. Padahal mereka sudah diterima &amp  dijamu dengan baik. Air susu dibalas air tuba ğŸ¤¬ https://t.co/kXlZQw9Ej8",19,11,739,1006,in,166261604,1721896807570215325,aindraku,https://twitter.com/aindraku/status/1721896807570215325,
Tue Nov 07 13:40:40 +0000 2023,1721885379446669701,"Bella Hadid: One of the many international celebrities who shamelessly supports the Terrorism of Hamas and Palestine in the name of 'Free Palestine'! She in many of the times,has called out for boycotting Israeli products and has accused the Israeli army and the government forâ€¦ https://t.co/OS5wXpdaUO",3,20,37,151,en,1541448913760071680,1721885379446669701,sahelitweets,https://twitter.com/sahelitweets/status/1721885379446669701,
Tue Nov 07 15:58:10 +0000 2023,1721919985642045579,"BREAKING Bella Hadid loses Dior contract over her support of Palestine and her standing against the genocide by Israel. Dior then replaced her, a half-Palestinian, with an Israeli model.   I truly hope she sticks to her guns, despite the injustice &amp  pressure in the industry. https://t.co/TurwXrxt3D",56,101,451,1261,en,45500908,1721919985642045579,FiorellaIsabelM,https://twitter.com/FiorellaIsabelM/status/1721919985642045579,
Tue Nov 07 12:56:54 +0000 2023,1721874365455692069,"ğŸš¨ REPORT: DIOR REPLACES PALESTINIAN BELLA HADID WITH ISRAELI MODEL MAI TAGER  The decision is being perceived as a sign of Dior's support for Israel during the ongoing conflict.  Source: Al Bawaba News  ğŸš¨UPDATE: We haven't seen other news outlets report this, and haven't beenâ€¦ https://t.co/2sSjmb9J3s",109,445,305,1684,en,1319287761048723458,1721874365455692069,MarioNawfal,https://twitter.com/MarioNawfal/status/1721874365455692069,
Tue Nov 07 12:55:09 +0000 2023,1721873927889428709,"ğŸ’š Ternyata cantiknya mata bella hadid nurun dari ayahnya yang seorang ğŸ‡µğŸ‡¸. Gak cuma cantik mata dan wajah, tapi cantik juga hatinya â¤â¤â¤. Sehat2 keluarga hadidğŸ’ğŸ¥° https://t.co/UepjyYOp2q",36,54,856,17457,in,1331650559518990336,1721873927889428709,tanyakanrl,https://twitter.com/tanyakanrl/status/1721873927889428709,
Tue Nov 07 12:39:52 +0000 2023,1721870078608814321,@Amrlamnnn May Tager tak cantik pun. Bella Hadid 20x ganda lagi cantik. Booooooooooooo hahahahahahahaha,0,3,9,155,tl,990796433954492416,1721852994466250959,mizznwhen,https://twitter.com/mizznwhen/status/1721870078608814321,Amrlamnnn
Tue Nov 07 12:29:50 +0000 2023,1721867555231391819,"Dior Beauty features Israeli model May Tagar in new Christmas campaign after Pro-Palestinian model Bella Hadid left the brand earlier this year.   In reaction to the luxury brand featuring an Israeli model, hundreds of Bella Hadid fans and Palestinian activists have taken to theâ€¦ https://t.co/hrsKObv9MN",5,82,62,569,en,91416107,1721867555231391819,OliLondonTV,https://twitter.com/OliLondonTV/status/1721867555231391819,
Tue Nov 07 11:58:31 +0000 2023,1721859673500926157,"Feliz aniversÃ¡rio para o meu baba. Nascido em Narazeth, Palestina em 6 de novembro de 1948"". - Bella Hadid via Instagram Stories. https://t.co/UtoirotVz6""",5,1,46,747,pt,1412586931985305600,1721859673500926157,BHadidBrasil,https://twitter.com/BHadidBrasil/status/1721859673500926157,
Tue Nov 07 11:47:51 +0000 2023,1721856988517216586,La marca Dior reemplaza a Bella Hadid por la modelo israelÃ­ May Tager como nueva embajadora de la marca. https://t.co/KDwbC27tW1,68,243,970,6600,es,62809565,1721856988517216586,GabyLob,https://twitter.com/GabyLob/status/1721856988517216586,
Tue Nov 07 10:47:21 +0000 2023,1721841762719953294,"@CensoredMen Iâ€™m not afraid to lose modeling jobs and I will continue to speak up on Palestineâ€ğŸ‡µğŸ‡¸ -Bella Hadid""",0,2,38,1411,en,1703715656753934336,1721788482564104268,MariaShanati,https://twitter.com/MariaShanati/status/1721841762719953294,CensoredMen
Tue Nov 07 11:31:59 +0000 2023,1721852994466250959,"Jenama terkenal Dior, menggantikan Bella Hadid yang berasal dari bumi Palestin dengan model Israel, May Tager sebagai duta jenama itu baru-baru ini.  Walau bagaimanapun, Bella tetap berdiri teguh tetap slay tetap paling chantique dengan pendiriannya. https://t.co/2ZtD2TK5os",736,164,16844,27957,in,2426175308,1721852994466250959,Amrlamnnn,https://twitter.com/Amrlamnnn/status/1721852994466250959,
Tue Nov 07 10:40:33 +0000 2023,1721840052261859464,rosalÃ­a &amp  bella hadid for met gala after party (2022) https://t.co/DvGNSLbEQd,15,4,91,1381,es,749467441,1721840052261859464,rosaliaesthetic,https://twitter.com/rosaliaesthetic/status/1721840052261859464,
Tue Nov 07 09:55:23 +0000 2023,1721828685727064396,Filistin asÄ±llÄ± AmerikalÄ± Ã¼nlÃ¼ model Bella Hadidâ€™den manidar paylaÅŸÄ±m:  â–ªï¸Ä°yi ki doÄŸdun Baba  â–ªï¸Muhammed Hadid â–ªï¸Filistin / NasÄ±ra kentinde doÄŸdu 6 KasÄ±m 1948  Not: NasÄ±ra kenti Ä°srail iÅŸgali altÄ±nda bulunmaktadÄ±r. https://t.co/zTlhGFfn4w,0,4,83,421,tr,808297868410912768,1721828685727064396,eha_medya,https://twitter.com/eha_medya/status/1721828685727064396,
Tue Nov 07 09:26:11 +0000 2023,1721821335947522250,Dior reemplaza a la palestina Bella Hadid por una modelo israelÃ­ como embajadora de su marca.,6,40,147,805,es,62809565,1721821335947522250,GabyLob,https://twitter.com/GabyLob/status/1721821335947522250,
Tue Nov 07 09:14:42 +0000 2023,1721818449993683388,Dior have replaced model Bella Hadid with Israeli model Mia Tager for their latest campaign. More of this please. Turn the tables. Boycott. Divest. Sanction. Letâ€™s see how they like it. https://t.co/J0GTsRhcBT,13,31,158,474,en,1141084462509371397,1721818449993683388,HertfordshireI,https://twitter.com/HertfordshireI/status/1721818449993683388,
Tue Nov 07 07:33:59 +0000 2023,1721793101646205137,@CensoredMen Queen Bella Hadid https://t.co/AY8KUTzFtY,16,25,932,11717,en,1295066578996858881,1721788482564104268,itx_oky,https://twitter.com/itx_oky/status/1721793101646205137,CensoredMen
Tue Nov 07 04:44:33 +0000 2023,1721750464147145011,"Dior Copot Bella Hadid sebagai Brand Ambassador, Diganti dengan Model Israel https://t.co/5ROGl86rJw #TempoDunia",282,81,203,297,in,18129942,1721750464147145011,tempodotco,https://twitter.com/tempodotco/status/1721750464147145011,
Tue Nov 07 02:58:06 +0000 2023,1721723675508961530,bella hadid x cfda 2015 https://t.co/riW9j9V2CF,3,0,17,282,in,3325146441,1721723675508961530,BellaHadidBra,https://twitter.com/BellaHadidBra/status/1721723675508961530,
Tue Nov 07 06:46:30 +0000 2023,1721781152594452545,Bella Hadid &amp   Gigi Hadid â€œThey are with usâ€ the proud in his words and action is gives goosebumps. by Bassem Youssef.   #Palestine #BellaHadid #Gigihadid #BassemYoussef #PiersMorgan #Israel https://t.co/ymn5jMAxMC,31,109,746,2899,en,1718486636827148288,1721781152594452545,MrBoldest,https://twitter.com/MrBoldest/status/1721781152594452545,
Tue Nov 07 07:16:43 +0000 2023,1721788757769097451,"@CensoredMen ğŸ‡µğŸ‡¸ Bella Hadid posted:  â€œHappy Birthday to my Baba.  Mohamed Hadid.  Born in Nazareth, Palestine  November 6, 1948â€",0,5,32,1009,en,855538293022363648,1721788482564104268,abdulmatawali,https://twitter.com/abdulmatawali/status/1721788757769097451,CensoredMen
Tue Nov 07 07:15:38 +0000 2023,1721788482564104268,"ğŸ‡µğŸ‡¸ Bella Hadid posted:  â€œHappy Birthday to my Baba.  Mohamed Hadid.  Born in Nazareth, Palestine  November 6, 1948â€ https://t.co/hhWOmoyQVG",693,543,32302,184098,en,1604139215406727170,1721788482564104268,CensoredMen,https://twitter.com/CensoredMen/status/1721788482564104268,
Tue Nov 07 02:52:10 +0000 2023,1721722181426520065,i canâ€™t believe dior dropped bella hadid as the face of their company and replaced her with an israeli modelâ€¦do you guys understand how sinister that is? theyâ€™re not even trying to hide the face that itâ€™s because sheâ€™s so outspoken about palestine,50,11,1563,4095,en,1420852165,1721722181426520065,oceansjonas,https://twitter.com/oceansjonas/status/1721722181426520065,
Tue Nov 07 01:37:55 +0000 2023,1721703494854332875,@siteptbr e cabe a bella hadid fazer o mesmo exibindo imagens de mais de 70 anos do genocÃ­dio e tomada de territÃ³rio feito por Israel a palestina,0,3,16,273,pt,999633460422733825,1721702286613680163,yoursglden,https://twitter.com/yoursglden/status/1721703494854332875,siteptbr
Tue Nov 07 01:05:31 +0000 2023,1721695342863757345,bella hadid backstage at alyx https://t.co/Yae6jSmLI7,3,1,131,1533,sv,1436890600020787200,1721695342863757345,khairfiles,https://twitter.com/khairfiles/status/1721695342863757345,
Mon Nov 06 23:46:20 +0000 2023,1721675414941175852,I see more of you mad that bella hadid was replaced by a zionist at dior of all places than Iâ€™ve seen you all upset that literal people dying every single fucking day,9,4,168,1192,en,3133971169,1721675414941175852,muglare,https://twitter.com/muglare/status/1721675414941175852,
Mon Nov 06 21:43:41 +0000 2023,1721644549599044029,bella hadid fitspo ğŸ–¤ https://t.co/TTKEiDdOjO,0,0,62,775,in,1577749140259455017,1721644549599044029,urstarsana,https://twitter.com/urstarsana/status/1721644549599044029,
Mon Nov 06 20:25:58 +0000 2023,1721624992016662968,This is still true today. There is no official confirmation that Bella Hadid has lost any brand deals. She hasnâ€™t worked much this year as sheâ€™s taking a break from modeling.,0,4,21,188,en,2471206543,1721624992016662968,CoutureIsBeyond,https://twitter.com/CoutureIsBeyond/status/1721624992016662968,
Mon Nov 06 18:56:25 +0000 2023,1721602453563490338,bella hadid behind the scenes for alyx menswear 2020 https://t.co/pKD6hOpzwb,30,0,963,10304,en,2926050088,1721602453563490338,bellalooks,https://twitter.com/bellalooks/status/1721602453563490338,
Mon Nov 06 20:55:01 +0000 2023,1721632300448829494,seriously fuck dior having bella hadid be the face of ur entire brand to just discard her and replace her with some unknown woman whos israeli? just bc bella dared to speak out abt the genocide of her people? we see ur message loud and clear. literally disgusting asf,14,22,341,1148,en,1666783436260900865,1721632300448829494,antidearo,https://twitter.com/antidearo/status/1721632300448829494,
Mon Nov 06 20:41:52 +0000 2023,1721628989595283559,Dior replaces Palestinian Bella Hadid with Israeli model Mai Tager as brand ambassador in their newest campaign.   The decision highlights Dior's support for Israel amidst the ongoing war.  #PalestineIsraelwar #IsraelPalestineWar #Gaza_Geniocide   https://t.co/r2cGsIAiYY,332,181,805,911,en,162650265,1721628989595283559,AlBawabaEnglish,https://twitter.com/AlBawabaEnglish/status/1721628989595283559,
Mon Nov 06 16:02:06 +0000 2023,1721558585841164666,THEE Bella Hadid https://t.co/qgVgDx8a6E,70,10,1437,15393,en,973487933947858944,1721558585841164666,eliesaaabs,https://twitter.com/eliesaaabs/status/1721558585841164666,
Mon Nov 06 09:06:41 +0000 2023,1721454044684726283,"Dior, marka yÃ¼zÃ¼ olan Filistin asÄ±llÄ± Bella Hadid yerine yeni reklam kampanyasÄ±nda Ä°srailli manken May Tagerâ€™Ä± tercih etti",1,3,71,216,tr,1496509680,1721454044684726283,kenan_kiran,https://twitter.com/kenan_kiran/status/1721454044684726283,
Mon Nov 06 09:00:12 +0000 2023,1721452410013401223,Dior has replaced Bella Hadid with Israeli model Mai Tager in their newest campaign. Bwahahahaha https://t.co/XyYOLqUdhI,32,31,60,283,en,1089831247784873985,1721452410013401223,ShorrTirza,https://twitter.com/ShorrTirza/status/1721452410013401223,
Mon Nov 06 08:59:23 +0000 2023,1721452207336280412,"Dior, marka yÃ¼zÃ¼ olan Filistin asÄ±llÄ± Bella Hadid yerine yeni reklam kampanyasÄ±nda Ä°srailli manken May Tagerâ€™Ä± tercih etti  â–ªï¸Hadid, Ä°srailâ€™in Gazze'ye yÃ¶nelik saldÄ±rÄ±larÄ±na, Kariyerim bitse bile Filistin'i desteklemekten asla vazgeÃ§meyeceÄŸimâ€ sÃ¶zleriyle tepki gÃ¶stermiÅŸti. https://t.co/sqWZqolR4v""",4,5,174,1268,tr,808297868410912768,1721452207336280412,eha_medya,https://twitter.com/eha_medya/status/1721452207336280412,
Mon Nov 06 05:48:00 +0000 2023,1721404041001914369,"Bella Hadid Tak Takut Kehilangan Pekerjaan karena Dukung Palestina  Lantang dukung Palestina, Bella Hadid tak takut kehilangan pekerjaan. You go girl!ğŸ‰  &gt &gt  https://t.co/WT6z5jj4dg  #detikHot",2,7,108,790,in,69183155,1721404041001914369,detikcom,https://twitter.com/detikcom/status/1721404041001914369,
Sun Nov 05 17:00:23 +0000 2023,1721210866027151546,Bella Hadid for Versace https://t.co/WxRnuJOnCu,107,13,1163,12079,en,1251753445419343872,1721210866027151546,03germ,https://twitter.com/03germ/status/1721210866027151546,
Sun Nov 05 16:59:13 +0000 2023,1721210572589392162,"DÃ¼nyaca Ã¼nlÃ¼ marka Dior, marka yÃ¼zÃ¼ olan Filistin asÄ±llÄ±Â Bella Hadid yerine yeni reklam kampanyasÄ±nda Ä°srailli manken May Tagerâ€™Ä± tercih etti.  â–ªï¸Bella Hadid, Kariyerim bitse bile Filistin'i desteklemekten asla vazgeÃ§meyeceÄŸim"" demiÅŸti. https://t.co/zYnZodOUzo""",34,23,198,1972,tr,130494271,1721210572589392162,voiceofworldco,https://twitter.com/voiceofworldco/status/1721210572589392162,
Sun Nov 05 16:48:39 +0000 2023,1721207910775001225,bella hadid in 2020 https://t.co/1MxtJwoT5T,77,13,842,9929,en,1226020317849686016,1721207910775001225,hadidfiles,https://twitter.com/hadidfiles/status/1721207910775001225,
Sun Nov 05 16:47:17 +0000 2023,1721207566598803870,hailey bieber and bella hadid ğŸ«¶ğŸ¼ https://t.co/lTLOi7mZ0u,4,3,66,567,en,1435611255923003395,1721207566598803870,hrbsource,https://twitter.com/hrbsource/status/1721207566598803870,
Sun Nov 05 16:02:47 +0000 2023,1721196368478269492,we need to talk about how much ed content bella hadid used to post she is defo on here,8,22,56,3182,en,1360533229376327680,1721196368478269492,bananaablair,https://twitter.com/bananaablair/status/1721196368478269492,
Sun Nov 05 13:16:34 +0000 2023,1721154541830185331,"ğŸ”´Dior, marka yÃ¼zÃ¼ olan Filistin asÄ±llÄ±Â Bella Hadid yerine yeni reklam kampanyasÄ±nda Ä°srailli manken May Tagerâ€™Ä± tercih etti  ğŸ“ŒHadid Kariyerim bitse bile Filistin'i desteklemekten asla vazgeÃ§meyeceÄŸimâ€ demiÅŸti. DÄ°OR Ã¼rÃ¼nlerini alma aldÄ±rma ! PaylaÅŸ ki herkes gÃ¶rsÃ¼n. #DiorBoykot https://t.co/BqM8X80DXH""",15,9,546,1177,tr,1689414991068246016,1721154541830185331,yerlimalitr81,https://twitter.com/yerlimalitr81/status/1721154541830185331,
Sun Nov 05 12:19:52 +0000 2023,1721140272896381320,"@convomf ktnya itu ngasal?? soalny di komen tiktok ada yg blg dia nyoba itu, trs masa yg stalk akun dia bella hadid??? ğŸ˜ƒ",10,14,4,744,in,1669726888292655104,1721138397446914171,mklshtr,https://twitter.com/mklshtr/status/1721140272896381320,convomf
Sun Nov 05 10:40:25 +0000 2023,1721115244515172415,"ğŸ”´Dior, marka yÃ¼zÃ¼ olan Filistin asÄ±llÄ±Â Bella Hadid yerine yeni reklam kampanyasÄ±nda Ä°srailli manken May Tagerâ€™Ä± tercih etti  ğŸ“ŒHadid, Ä°srailâ€™in Gazze'ye yÃ¶nelik saldÄ±rÄ±larÄ±na, Kariyerim bitse bile Filistin'i desteklemekten asla vazgeÃ§meyeceÄŸimâ€ sÃ¶zleriyle tepki gÃ¶stermiÅŸti https://t.co/GBYo5NeVee""",158,55,710,9013,tr,212686989,1721115244515172415,gztcom,https://twitter.com/gztcom/status/1721115244515172415,
Sun Nov 05 05:57:28 +0000 2023,1721044036717543733,Bella hadid basuh dia ke ???,1,11,87,177,in,86694421,1721044036717543733,hafizkenny,https://twitter.com/hafizkenny/status/1721044036717543733,
Sun Nov 05 04:14:10 +0000 2023,1721018041738420283,"â€œKenapa Keluarga Bella Hadid Sangat Anti Dengan Israel?â€  Orang artis menyokong Palestin ni bukan benda biasa. Tapi, keluarga Bella Hadid ni lain sikit. Diorang ni memang sangat anti dengan Israel dan tak pernah takut sokong Palestin. Kenapa? https://t.co/hdTnWGmG9a",6,10,1996,4647,in,770537353064517633,1721018041738420283,thepatriotsasia,https://twitter.com/thepatriotsasia/status/1721018041738420283,
Sun Nov 05 04:00:01 +0000 2023,1721014477922181222,"Ä°srailâ€™in Gazze katliamÄ± iÃ§in Kariyerim bitse bile Filistin'i desteklemekten asla vazgeÃ§meyeceÄŸimâ€ diye tepki gÃ¶steren Ã¼nlÃ¼ menken Bella Hadid, Ä°srail destekÃ§ilerinin hedefinde.   https://t.co/Vcg5HdZ0z2""",2,3,75,312,tr,22626881,1721014477922181222,yenisafak,https://twitter.com/yenisafak/status/1721014477922181222,
Sat Nov 04 19:22:04 +0000 2023,1720884134589907347,bella hadid with short hair https://t.co/uWxmoHsAOn,126,13,775,9565,en,1226020317849686016,1720884134589907347,hadidfiles,https://twitter.com/hadidfiles/status/1720884134589907347,
Sat Nov 04 22:26:19 +0000 2023,1720930502117294162,Iâ€™d kill for bella hadid in chrome hearts era https://t.co/VnTvgVAN0t,19,2,586,7286,en,1501339611116756994,1720930502117294162,runwayrascalv,https://twitter.com/runwayrascalv/status/1720930502117294162,
Sat Nov 04 13:20:08 +0000 2023,1720793050824233241,"Kariyerime mal olsa bile Filistin'i destekleyeceÄŸim"" demiÅŸti...  DÃ¼nyaca Ã¼nlÃ¼ Christian Dior'un, yeni kampanyasÄ±nda markasÄ±nÄ±n reklam yÃ¼zÃ¼ olarak Filistin'i aÃ§Ä±kÃ§a destekleyen Bella Hadid yerine Ä°srailli manken May Tager'Ä± tercih ettiÄŸi bildirildi.  GeÃ§miÅŸte kampanyayÄ± gÃ¶tÃ¼ren,â€¦ https://t.co/Ia4UvEvvwV""",48,94,108,1156,tr,1967668326,1720793050824233241,yirmiucderece,https://twitter.com/yirmiucderece/status/1720793050824233241,
Sat Nov 04 11:13:03 +0000 2023,1720761068652560466,"ğŸ’š Bapaknya Bella Hadid cerita kalo kluarganya prnah nampung pengungsi isra3l yg dtg dari Jerman ke Palest1na,tinggal dirumah mrk slama -+2 tahun,waktu itu nenek bella hadid hamil jadi balik ke rumah ortu,setelah melahirkan &amp  mau balik kerumahnya eh diusir sama yg numpangğŸ¤§ https://t.co/rehJlmit9h",1902,2207,10858,67164,in,1371650588,1720761068652560466,tanyarlfes,https://twitter.com/tanyarlfes/status/1720761068652560466,
Sat Nov 04 08:51:03 +0000 2023,1720725332334870940,"Utanabilir miyiz? Dior, reklam yÃ¼zÃ¼ olan Bella Hadid diye bir ÅŸÃ¶hreti Filistin'i desteklediÄŸi gerekÃ§esiyle sildi, Yerine Ä°srailli bir ÅŸÃ¶hreti koydu. Biz bir kolasÄ±z olamÄ±yoruz, YazÄ±k bize!",1,10,98,388,tr,226871994,1720725332334870940,farukbeser,https://twitter.com/farukbeser/status/1720725332334870940,
Sat Nov 04 00:04:28 +0000 2023,1720592813237109039,14. Selena making fun of Bella Hadid using an audio with bella's voice and saying that she wishes she were as pretty as her and copying her sound to seek compliments from her fans who were obviously going to attack bella https://t.co/ScpmpAJUDc,116,1,87,989,en,1039526442877509632,1720525516728422680,jbarizzle,https://twitter.com/jbarizzle/status/1720592813237109039,
Fri Nov 03 20:02:33 +0000 2023,1720531934281937231,bu erkekler anon hesaba azacak kadar ne yaÅŸÄ±yor profil fotoÄŸrafÄ±mdaki ben deÄŸilim bella hadid eÅŸÅŸekler,62,56,17,3993,tr,1416355553153069057,1720531934281937231,cemrelita,https://twitter.com/cemrelita/status/1720531934281937231,
Fri Nov 03 18:33:25 +0000 2023,1720509502414319698,remember when bella hadid wore that dior butterfly embroidered trousers thereâ€™s also matching saddle bag from â€œss02â€ collection Iâ€™m obsessed https://t.co/C5WGLHrTpT,9,3,297,3130,en,1501339611116756994,1720509502414319698,runwayrascalv,https://twitter.com/runwayrascalv/status/1720509502414319698,
Fri Nov 03 03:49:01 +0000 2023,1720286937456791848,"when she said i wish i was as pretty as bella hadidâ€ yes,  you never will https://t.co/RnpdCTd2AZ""",5,1,105,371,en,1494833551216312323,1720286937456791848,backburnerry,https://twitter.com/backburnerry/status/1720286937456791848,
Fri Nov 03 13:53:00 +0000 2023,1720438933207822367,"@SaeedDiCaprio Imagine an Israeli settler calling bella hadid's father a criminal for illegally building a house, with no self awarenessâ€¦ lol",1,13,156,4227,en,1068139318273806337,1720438030945649083,terriblekid_,https://twitter.com/terriblekid_/status/1720438933207822367,SaeedDiCaprio
Fri Nov 03 13:48:20 +0000 2023,1720437757498077304,"ğŸ‡µğŸ‡¸ Lorde has shared, via Instagram stories, a video of singer @nemahsis singing â€œTeamâ€ â€” which has been shared by other celebrities like Bella Hadid.   â€œI am so grateful to my Palestinian sister for reminding me why I make artâ€ https://t.co/pAFNgnd8hI",1667,300,17059,65783,en,2823945327,1720437757498077304,LordeUpdatesBR,https://twitter.com/LordeUpdatesBR/status/1720437757498077304,nemahsis
Fri Nov 03 17:11:13 +0000 2023,1720488815780098512,"See? A post helps! Bella hadid posted this video by @nemahsis, Lorde noticed then shared informations about Gazaâ€™s ceasefire march and showed support. A post help, Selena.",0,0,135,331,en,1094587270454071296,1720488815780098512,sulkycatz,https://twitter.com/sulkycatz/status/1720488815780098512,nemahsis
Fri Nov 03 03:38:31 +0000 2023,1720284291190673542,"@westenthu when she said i wish i was as pretty as bella hadidâ€ yes, you never will https://t.co/asJcM3mcwe""",24,17,366,1658,en,1564603929744539648,1720278554200719442,grdensofbabyIon,https://twitter.com/grdensofbabyIon/status/1720284291190673542,westenthu
Fri Nov 03 03:27:35 +0000 2023,1720281543640502526,@tubbirfess nih orang emg narcissistic cegil haus validasi.  dari kasus dia sm hailey ama bella hadid udh keliatan klo orang nya self center.  mampus di tubirin satu dunia wkwk,2,4,37,399,in,963006884918652928,1720276727073775995,DufanNarukami_,https://twitter.com/DufanNarukami_/status/1720281543640502526,tubbirfess
Fri Nov 03 02:13:25 +0000 2023,1720262877058138529,"Ã‰ a Top Model Bella Hadid deixando clara sua posiÃ§Ã£o.               EU NÃƒO TENHO MEDO DE PERDER TRABALHOS COMO MODELO E CONTINUAREI A FALAR EM PROL DA PALESTINA"" https://t.co/czyuQaeYmD""",1,3,240,913,pt,1094038644770385920,1720262877058138529,SergioAJBarrett,https://twitter.com/SergioAJBarrett/status/1720262877058138529,
Fri Nov 03 02:11:52 +0000 2023,1720262485914325042,"@sosmedkeras ğŸ’ªğŸ˜Š Bella Hadid, Syifa Hadju â¤ï¸â¤ï¸â¤ï¸ https://t.co/BT3DjDxnhB",2,4,237,3183,in,178600446,1720063827474321671,mindaart,https://twitter.com/mindaart/status/1720262485914325042,sosmedkeras
Fri Nov 03 01:47:27 +0000 2023,1720256343397789773,Frank Ocean reposted an open letter on his Instagram Story in support of Palestine. ğŸ‡µğŸ‡¸   He also liked Bella Hadidâ€™s post recently. https://t.co/dmnFNRHanV,672,84,3138,17800,en,815435619207970816,1720256343397789773,blahnded,https://twitter.com/blahnded/status/1720256343397789773,
Thu Nov 02 23:14:13 +0000 2023,1720217779746332808,o mau de alguns gays eh eles acharem que realmente sao a bella hadid https://t.co/nIHioPk66S,2,0,17,220,pt,937167085758763008,1720217779746332808,sapocibernetico,https://twitter.com/sapocibernetico/status/1720217779746332808,
Thu Nov 02 20:48:02 +0000 2023,1720180990868627905,Not new to this. True to this. ğŸ’–     Swarovski Holiday Campaign featuring Bella Hadid in our signature @dbleudazzled skintone catsuit âœ¨ https://t.co/wYrF4Lx1gD,42,21,508,2030,en,21531128,1720180990868627905,destineybleu,https://twitter.com/destineybleu/status/1720180990868627905,dbleudazzled
Thu Nov 02 20:46:17 +0000 2023,1720180550474891424,"Bella Hadid : Ben iÅŸimi modelliÄŸi kaybetmekten korkmuyorum, filistini savunduÄŸum iÃ§in #BellaHadid  #CeasefireForGaza #Palestine #EbuUbeyde #FreePalestine #Gaza  #Gazze #Ebu_Ubeyde https://t.co/5wgkR75CLl",4,5,113,491,tr,1292170325531209730,1720180550474891424,_BurakSezen,https://twitter.com/_BurakSezen/status/1720180550474891424,
Thu Nov 02 19:48:46 +0000 2023,1720166076921589922,"i have so much respect and admiration for bella hadid, she is a truly an amazing person who knows how to use her platform in the right way https://t.co/9pl68Ku0nH",23,8,645,2717,en,1423732938080989190,1720166076921589922,celestialswiftt,https://twitter.com/celestialswiftt/status/1720166076921589922,
Thu Nov 02 19:18:21 +0000 2023,1720158423013060933,Bella Hadid â¤ï¸ https://t.co/AnL4ckUO7y,7,8,148,396,en,1259042108817670144,1720158423013060933,LailaPalestini1,https://twitter.com/LailaPalestini1/status/1720158423013060933,
Thu Nov 02 16:07:05 +0000 2023,1720110286781186063,Bella Hadid on Downstream when??? https://t.co/LwFlvq7avR,1,9,25,584,en,63082578,1720110286781186063,AaronBastani,https://twitter.com/AaronBastani/status/1720110286781186063,
Thu Nov 02 15:21:59 +0000 2023,1720098937171017850,*leakeadas las formas OFICIALES 100% confirmadas de los gÃ©neros haciendo dieta*  Las pibas bajando de peso: bella hadid dame fuerzas para dejar d comer y usar esa energÃ­a para serle infiel a mi novio  Los pibes bajando de peso: si no bajo 2 kg en un mes se muere mi mamÃ¡ y soy gay,1,10,18,412,es,1583262801761640450,1720098937171017850,munman3p,https://twitter.com/munman3p/status/1720098937171017850,
Thu Nov 02 15:19:38 +0000 2023,1720098348487811288,remembered this Bella Hadid look https://t.co/VTlriwkTcL,34,11,390,6944,en,1318552604910276611,1720098348487811288,amorversace,https://twitter.com/amorversace/status/1720098348487811288,
Thu Nov 02 04:13:39 +0000 2023,1719930748663390582,231017  #JENNIE and Bella Hadid have already taken the lead on the popular Blokette Style on TikTok  ğŸ“https://t.co/AeQ0XJEZJL https://t.co/Tc7NTMBwRl,1,0,191,776,en,1179154801747091456,1719930748663390582,lyle0_0,https://twitter.com/lyle0_0/status/1719930748663390582,
Wed Nov 01 21:15:43 +0000 2023,1719825571968876646,@zero_logout Literally what happened to bella hadid folks. https://t.co/l94u71rQzF,10,1,53,336,en,1666155952184098827,1719750012198912238,cyberwarrior52,https://twitter.com/cyberwarrior52/status/1719825571968876646,zero_logout
Wed Nov 01 21:46:00 +0000 2023,1719833190477509114,"Bassem Youssef tells Piers Morgan he was scared to come on Uncensored at first because he thought it would be career suicide"" to speak about Israel in America.  ""Bella Hadid has talked about death threats, she's talking about being silenced.""  @byoussef | @piersmorgan | #PMU https://t.co/LoYewtiQjY""",27,357,396,2794,en,1455576852492324872,1719833190477509114,PiersUncensored,https://twitter.com/PiersUncensored/status/1719833190477509114,"byoussef, piersmorgan"
Wed Nov 01 21:01:29 +0000 2023,1719821990209708521,"Bella Hadid continues posting about â€˜Free Palestine ğŸ‡µğŸ‡¸â€™ on her stories despite receiving death threats daily and risking the safety of her whole familyâ€¦  Oh bella, the woman that you areâ€¦. ğŸ¥¹ğŸ«¶ğŸ» https://t.co/OOBQ0JeLLA",8,4,876,1502,en,1731109297,1719821990209708521,sofeashra,https://twitter.com/sofeashra/status/1719821990209708521,
Wed Nov 01 19:53:46 +0000 2023,1719804946336690349,Bella Hadid â¤ï¸ https://t.co/gliRqnQ1Fa,8,18,607,3636,en,1221476605333127168,1719804946336690349,AwfullyMeh,https://twitter.com/AwfullyMeh/status/1719804946336690349,
Wed Nov 01 18:59:00 +0000 2023,1719791165149467098,"Are Bella Hadid, her criminal father, Angelina Julie, or that elderly guy from Pink Floyd really the people you should be relying on for opinions on the Middle East?",243,622,420,3547,en,1686270312,1719791165149467098,HenMazzig,https://twitter.com/HenMazzig/status/1719791165149467098,
Wed Nov 01 17:56:01 +0000 2023,1719775315042394359,"Bella Hadidâ€™in babasÄ± Muhammed Hadid   Yahudilere yaptÄ±ÄŸÄ±mÄ±z iyilik bizlere nankÃ¶rlÃ¼k olarak dÃ¶ndÃ¼. Nazilerden kaÃ§an 2 Yahudi aileyi evimize aldÄ±k, 2,5 yÄ±l misafir ettik. Annem beni dÃ¼nyaya getirmek iÃ§in annesinin evine gidip ben 9 gÃ¼nlÃ¼kken geri gelince eve almadÄ±lar. https://t.co/FWhd0MuazJ",8,4,194,332,tr,609063409,1719775315042394359,filiz175,https://twitter.com/filiz175/status/1719775315042394359,
Wed Nov 01 17:50:40 +0000 2023,1719773969383833725,"Filistinli dÃ¼nyaca Ã¼nlÃ¼ model Bella Hadidâ€™in babasÄ± Mohamed Hadid:  Nazilerden kaÃ§an 2 Yahudi aileyi evimize aldÄ±k, 2,5 yÄ±l misafir ettik.  Annem beni dÃ¼nyaya getirmek iÃ§in annesinin evine gidip ben 9 gÃ¼nlÃ¼kken geri gelince eve almadÄ±lar.Annemin bana Ã¶rtÃ¼ almasÄ±na izin vermediler https://t.co/SVif6ZNXJP",4,7,227,545,tr,609063409,1719773969383833725,filiz175,https://twitter.com/filiz175/status/1719773969383833725,
Wed Nov 01 17:21:38 +0000 2023,1719766660825890954,BELLA HADID E ANGELINA JOLIE MINHAS MÃƒES https://t.co/AvkRycvwI1,2,3,35,203,pt,1294010109555769345,1719766660825890954,futurehadid,https://twitter.com/futurehadid/status/1719766660825890954,
Wed Nov 01 14:25:59 +0000 2023,1719722458989617404,"âœ…1.GÃ¶rsel: 2.DÃ¼nya SavaÅŸÄ±ndan sonra gemilerle Filistinâ€™e gelen Yahudilerâ€¦ â€œAlmanlar ailemizi yok etti siz umutlarÄ±mÄ±zÄ± yok etmeyinâ€ diyorlar..  âœ…2.GÃ¶rselâ€¦. Filistinli model Bella Hadidâ€™in babasÄ± Muhammed Hadid anlatÄ±yor: Nazilerden kaÃ§an 2 Yahudi aileyi evimize aldÄ±k, 2,5 yÄ±lâ€¦ https://t.co/TVa1wyh6Qy",34,77,1618,4040,tr,191167408,1719722458989617404,zafersahin06,https://twitter.com/zafersahin06/status/1719722458989617404,
Wed Nov 01 14:20:41 +0000 2023,1719721123686793472,"Tempos atrÃ¡s falei da Bella Hadid, mas outra grandona sem medo Ã© essa aqui, Lauren Jauregui, de uma das maiores girl bands dos Ãºltimos tempos. Usando incansavelmente sua fama e seu alcance nas redes pra denunciar o genocÃ­dio de palestinos.",1,2,33,331,pt,1337941734542733312,1719721123686793472,sofiabhlisboa,https://twitter.com/sofiabhlisboa/status/1719721123686793472,
Wed Nov 01 01:48:15 +0000 2023,1719531768783491500,soy yo cuando me pongo un top y un pantalÃ³n tiro bajo creyÃ©ndome bella hadid,29,12,3202,36249,es,2247355226,1719531768783491500,veramaida_,https://twitter.com/veramaida_/status/1719531768783491500,
Tue Oct 31 20:34:40 +0000 2023,1719452851020169258,â€œI wish I was pretty as Bella Hadidâ€ https://t.co/giourtr1wi,0,1,6,241,en,1471605616141549568,1719452008980123702,jarianaoutdid,https://twitter.com/jarianaoutdid/status/1719452851020169258,
Tue Oct 31 18:11:52 +0000 2023,1719416916253516207,easier times when dua lipa and bella hadid were sisters-in-law and served us everything https://t.co/3HjHWBXqq8,222,20,2019,28684,en,935405004973903872,1719416916253516207,HFrunway,https://twitter.com/HFrunway/status/1719416916253516207,
Tue Oct 31 13:52:11 +0000 2023,1719351562013659454,"ğŸ“ŒYAHUDÄ°LER FÄ°LÄ°STÄ°NE NASIL YERLEÅTÄ°.?! Filistin asÄ±llÄ± Ã¼nlÃ¼ manken Bella Hadid'in BabasÄ± AnlatÄ±yor: Hitlerin ZulmÃ¼nden KaÃ§an Yahudilere Annem AcÄ±dÄ± Eve AldÄ±. AcÄ±dÄ±ÄŸÄ± Yahudiler Bizi Evimizden DÄ±ÅŸarÄ± AttÄ±.!  Gazze'ye 18, El Kassam TugaylarÄ±, Cristiano Ronaldo, Mehmet ÅimÅŸek, Ä°ran https://t.co/WJyhxuty82",5,6,170,363,tr,1266085371407937536,1719351562013659454,TeskilatHafiye,https://twitter.com/TeskilatHafiye/status/1719351562013659454,
Tue Oct 31 13:10:31 +0000 2023,1719341077239325051,bella hadid and the weeknd as lydia and beetlejuice for halloween in 2018 https://t.co/UuyhaZEaMY,60,8,559,6356,en,875330368890691584,1719341077239325051,MIUCClAMUSE,https://twitter.com/MIUCClAMUSE/status/1719341077239325051,
Tue Oct 31 13:00:34 +0000 2023,1719338572975661295,"She started a hate train against Hailey Bieber because of some comments she made on TikTok. People were hating on Bella Hadid because of a post she made.  She KNOWS exactly the power and influence she holds, she just doesnâ€™t want to use it.",1153,566,20587,102587,en,1017062989525127169,1719338572975661295,Amorthebaby,https://twitter.com/Amorthebaby/status/1719338572975661295,
Tue Oct 31 12:28:53 +0000 2023,1719330601759617139,bella hadid https://t.co/1FhFFnSB7X,9,2,328,4048,en,1436890600020787200,1719330601759617139,khairfiles,https://twitter.com/khairfiles/status/1719330601759617139,
Tue Oct 31 11:42:13 +0000 2023,1719318856810852428,the Bella Hadid,2,7,70,425,en,1287330849298485249,1719318856810852428,Harryssfw,https://twitter.com/Harryssfw/status/1719318856810852428,
Tue Oct 31 09:17:11 +0000 2023,1719282359286354142,"Disaat orang lain, keluarganya mendapat ancaman,Â  Bella Hadid nih tetep vokal &amp  gencar buat menyuarakan supportnya terhadap ğŸ‡µğŸ‡¸. Dia gak kenal takut, dia bener2 manfaatin media sosial yang dia punya. https://t.co/1Klsd7dBI4",302,218,11429,56528,in,1230733029070397442,1719282359286354142,Al__Quraan,https://twitter.com/Al__Quraan/status/1719282359286354142,
Tue Oct 31 07:56:35 +0000 2023,1719262076013560251,Filistinâ€™li Ã¼nlÃ¼ model Bella Hadidâ€™in babasÄ± Mohamed Hadid Ä°srail zulmÃ¼nÃ¼ anlatmÄ±ÅŸ!   HÄ±rsÄ±zlÄ±k kÃ¢nlarÄ±na iÅŸlemiÅŸ bunlarÄ±n â€¼ï¸ ___ El Kassam TugaylarÄ± Gazzeâ€™de TÃ¼rk Hamas Arap BirliÄŸi TCK 216 HiroÅŸima Can Atalay Ebu Ubeyde TuÄŸba Ekinci SÄ±fÄ±r AtÄ±k Metina KadÄ±n https://t.co/wvWSCJCeYK,9,8,177,524,tr,1664704659917766656,1719262076013560251,mervexbrn,https://twitter.com/mervexbrn/status/1719262076013560251,
Mon Oct 30 23:17:12 +0000 2023,1719131368163062126,"Filistinli model Bella Hadidâ€™in babasÄ± Muhammed Hadid:   â€œNazilerden kaÃ§an 2 Yahudi aileyi evimize aldÄ±k, 2,5 yÄ±l misafir ettik. Annem beni dÃ¼nyaya getirmek iÃ§in annesinin evine gidip ben 9 gÃ¼nlÃ¼kken geri gelince eve almadÄ±lar. Annemin bana bir Ã¶rtÃ¼ almasÄ±n bile izin vermediler. https://t.co/gaV4FCVX0h",12,6,477,1005,tr,2261897274,1719131368163062126,MehmetArdic_,https://twitter.com/MehmetArdic_/status/1719131368163062126,
Mon Oct 30 22:20:33 +0000 2023,1719117110142456225,bella hadid gibi seksi oldugumu dusundugum fotolarda benim tip https://t.co/Dk5y8FuLQ1,7,6,41,3455,tr,1514001704097824773,1719117110142456225,ahevettben,https://twitter.com/ahevettben/status/1719117110142456225,
Mon Oct 30 20:33:58 +0000 2023,1719090289606819917,"2,5 yÄ±l misafir ettiÄŸimiz Yahudi mÃ¼lteciler bizi evimize almadÄ±...""  DÃ¼nyaca Ã¼nlÃ¼ modeller Gigi ve Bella Hadidâ€™in babasÄ±, Filistin doÄŸumlu Muhammed Hadid, ailesinin maruz kaldÄ±ÄŸÄ± Ä°srail zulmÃ¼nÃ¼ anlattÄ±. https://t.co/XR9BWKzAfK""",15,15,768,2117,tr,219248343,1719090289606819917,trthaber,https://twitter.com/trthaber/status/1719090289606819917,
Mon Oct 30 20:04:11 +0000 2023,1719082794008080445,looking back when bella hadid stepped out with her limited edition louis vuitton X richard prince ombre monogram bag from marc jacobs ss2008 collection https://t.co/NFee6xDfav,0,1,34,380,en,1501339611116756994,1719082794008080445,runwayrascalv,https://twitter.com/runwayrascalv/status/1719082794008080445,
Mon Oct 30 19:29:37 +0000 2023,1719074093264146756,bella hadid. thatâ€™s it. thatâ€™s the tweet. https://t.co/sZDKmZynCU,8,3,213,1546,en,960972758199889920,1719074093264146756,bellahadid,https://twitter.com/bellahadid/status/1719074093264146756,
Mon Oct 30 18:28:05 +0000 2023,1719058608879542586,"Filistinli Bella Hadidâ€™in babasÄ± Muhammed Hadid:   â€œNazilerden kaÃ§an 2 Yahudi aileyi evimize aldÄ±k, 2,5 yÄ±l misafir ettik. Annem beni dÃ¼nyaya getirmek iÃ§in annesinin evine gidip ben 9 gÃ¼nlÃ¼kken geri gelince eve almadÄ±lar.â€  #United4Palestine https://t.co/wf2vDkRtmd",3,21,333,902,tr,156761609,1719058608879542586,sevdaturkusev,https://twitter.com/sevdaturkusev/status/1719058608879542586,
Mon Oct 30 17:54:32 +0000 2023,1719050163610591346,"Le pÃ¨re des mannequins amÃ©ricains Gigi et Bella Hadid, explique comment son pÃ¨re, et d'autres palestiniens avaient accueilli chez eux en #Palestine, des juifs qui ont fui le nazisme, avant que ces derniers les expulsent de chez eux!  VoilÃ , le vrai #GrandRemplacement   #Gaza https://t.co/mEH97QjBFa",27,23,630,860,fr,255122356,1719050163610591346,Desertup,https://twitter.com/Desertup/status/1719050163610591346,
Mon Oct 30 17:32:14 +0000 2023,1719044553515119086,"Filistinli model Bella Hadidâ€™in babasÄ± Muhammed Hadid: â€œNazilerden kaÃ§an 2 Yahudi aileyi evimize aldÄ±k. â€œAnnem annesinin evine gidip ben 9 gÃ¼nlÃ¼kken geri gelince bizi eve almadÄ±lar."" â€œAnnemin bana bir Ã¶rtÃ¼ almasÄ±na bile izin vermediler."" https://t.co/fnDrXdPil9""",2,6,168,419,tr,90793474,1719044553515119086,banuel,https://twitter.com/banuel/status/1719044553515119086,
Mon Oct 30 15:17:11 +0000 2023,1719010568458137812,Israelis manipulate an AI-edited video to falsely portray #BellaHadid as endorsing the Israeli occupation.  #Israel #Gaza https://t.co/SOSkLnuAxW,43,34,205,421,en,524869533,1719010568458137812,QudsNen,https://twitter.com/QudsNen/status/1719010568458137812,
Mon Oct 30 13:24:37 +0000 2023,1718982240548405459,"DÃ¼nyaca Ã¼nlÃ¼ Filistinli model Bella Hadidâ€™in babasÄ± Muhammed Hadid, siyonistlere neden acÄ±nmamasÄ± gerektiÄŸini kÄ±saca Ã¶zetlemiÅŸ.   https://t.co/L7vDggMrqX",6,10,256,905,tr,1211050169870868480,1718982240548405459,themarginale,https://twitter.com/themarginale/status/1718982240548405459,
Mon Oct 30 13:11:00 +0000 2023,1718978812325552415,"Filistinli model Bella Hadidâ€™in babasÄ± Muhammed Hadid:  â–ªï¸Nazilerden kaÃ§an 2 Yahudi aileyi evimize aldÄ±k."" â–ªï¸""Annem annesinin evine gidip ben 9 gÃ¼nlÃ¼kken geri gelince bizi eve almadÄ±lar."" â–ªï¸""Annemin bana bir Ã¶rtÃ¼ almasÄ±na bile izin vermediler."" https://t.co/GUBsD95CW9""",6,8,233,740,tr,808297868410912768,1718978812325552415,eha_medya,https://twitter.com/eha_medya/status/1718978812325552415,
Mon Oct 30 13:08:17 +0000 2023,1718978127110484076,"âNazilerden kaÃ§an 2 Yahudi aileyi evimize alÄ±p 2,5 yÄ±l misafir ettik. Annem beni dÃ¼nyaya getirmek iÃ§in annesinin evine gidip ben 9 gÃ¼nlÃ¼kken geri gelince eve almadÄ±larâ  Filistin asÄ±llÄ± Gigi ve Bella Hadid'in babalarÄ± Muhammed Hadid, ailesine yapÄ±lan #Ä°srail zulmÃ¼nÃ¼ anlattÄ±. https://t.co/H7CrdfygB5",5,4,183,311,tr,82943239,1718978127110484076,sabah,https://twitter.com/sabah/status/1718978127110484076,
Mon Oct 30 11:57:24 +0000 2023,1718960289260138933,"ğŸ’šÂ  Disaat orang lain, keluarganya mendapat ancaman,Â  Bella Hadid nih tetep vokal &amp  gencar buat menyuarakan supportnya terhadap ğŸ‡µğŸ‡¸. Dia gak kenal takut, dia bener2 manfaatin media sosial yang dia punya. Cinta banget sama Bella! ğŸ«¶ğŸ¥¹ğŸ‡µğŸ‡¸ https://t.co/WGLVJO1VuV",350,481,8308,55354,in,1331650559518990336,1718960289260138933,tanyakanrl,https://twitter.com/tanyakanrl/status/1718960289260138933,
Mon Oct 30 12:16:39 +0000 2023,1718965135983657293,"Los sionistas, estÃ¡n usando inteligencia artificial parra suplantar la identidad de Bella Hadid donde supuestamente, apoya al Estado de OcupaciÃ³n IsraelÃ­.  Bella Hadid es palestina y siempre ha sido determinante en su apoyo hacia su pueblo.",5,7,159,354,es,2715452153,1718965135983657293,SahrawiFeminist,https://twitter.com/SahrawiFeminist/status/1718965135983657293,
Mon Oct 30 11:43:33 +0000 2023,1718956802384314532,"ğŸ’­ krn rame list seleb/artis indo Iike postingan gal gadot, ini mrk Iike post an bella hadid jg, bahkan ada yg komen jg. Jd mungkin yg kmrn ada di list ga sepenuhnya pro israhell, keknya emang netral atau kepencet, ga ngerti jg ğŸ˜Œ smg yg netral dibukakan matanya ğŸ™ğŸ» https://t.co/NrTlKQl8cd",142,196,87,1411,in,1314975287294083073,1718956802384314532,convomf,https://twitter.com/convomf/status/1718956802384314532,
Mon Oct 30 11:21:38 +0000 2023,1718951290644943007,Yahudi iÅŸgalcilerin nasÄ±l insanlar(!) olduÄŸunu anlamak iÃ§in gÃ¼zel bir Ã¶rnek!  Filistinli dÃ¼nyaca Ã¼nlÃ¼ model Bella Hadidâ€™in babasÄ± Mohamed Hadid anlatÄ±yor   â€œNazilerden kaÃ§an Yahudi mÃ¼ltecileri taÅŸÄ±yan bir gemi Hayfa limanÄ±na gelmiÅŸti. Gemide asÄ±lÄ± bir bez afiÅŸte ÅŸÃ¶yle yazÄ±yordu.â€¦ https://t.co/d0bnkNapBh,5,4,131,281,tr,1242096525670572037,1718951290644943007,ne_kadarolduTR,https://twitter.com/ne_kadarolduTR/status/1718951290644943007,
Mon Oct 30 11:08:12 +0000 2023,1718947909952057690,"Filistinli Bella Hadidâ€™in babasÄ± Muhammed Hadid:   â€œNazilerden kaÃ§an 2 Yahudi aileyi evimize aldÄ±k, 2,5 yÄ±l misafir ettik. Annem beni dÃ¼nyaya getirmek iÃ§in annesinin evine gidip ben 9 gÃ¼nlÃ¼kken geri gelince eve almadÄ±lar.â€  #United4Palestine  https://t.co/Qsexm5LOEz",4,17,325,445,tr,465684628,1718947909952057690,medyaadami,https://twitter.com/medyaadami/status/1718947909952057690,
Mon Oct 30 10:56:56 +0000 2023,1718945070999638515,Filistinli dÃ¼nyaca Ã¼nlÃ¼ model Bella Hadidâ€™in babasÄ± Mohamed Hadid anlatÄ±yor   â€œNazilerden kaÃ§an Yahudi mÃ¼ltecileri taÅŸÄ±yan bir gemi Hayfa limanÄ±na gelmiÅŸti. Gemide asÄ±lÄ± bir bez afiÅŸte ÅŸÃ¶yle yazÄ±yordu.   â€œAlmanyaâ€™daki evimizi ve umutlarÄ±mÄ±zÄ± kaybettik. umudumuzu yÄ±kmayÄ±nâ€â€¦ https://t.co/Tz8PJ2bUB7,152,175,3605,7812,tr,284996322,1718945070999638515,Mehmetali_Onel,https://twitter.com/Mehmetali_Onel/status/1718945070999638515,
Mon Oct 30 10:27:14 +0000 2023,1718937598528258220,Siyonizm bir toprak Ã§alma ideolojisidir. Masum ve bu kadar iyi niyetli bir halkÄ±n topraÄŸÄ± bÃ¶yle adice elinden alÄ±ndÄ±. Hala toprak sattÄ± yalanÄ±na inanan varsa buyursun. Bella Hadid'in babasÄ± anlatÄ±yor acÄ±yÄ±p evlerine aldÄ±klarÄ± Yahudilerin evlerini nasÄ±l Ã§aldÄ±ÄŸÄ±nÄ±. #gazze #gazaâ€¦ https://t.co/MqbvHMlms2,18,10,612,1269,tr,62258636,1718937598528258220,mustafarmagan,https://twitter.com/mustafarmagan/status/1718937598528258220,
Mon Oct 30 10:22:01 +0000 2023,1718936284415078462,"Filistinli dÃ¼nyaca Ã¼nlÃ¼ model Bella Hadidâ€™in babasÄ± Mohamed Hadid:   Nazilerden kaÃ§an 2 Yahudi aileyi evimize aldÄ±k, 2,5 yÄ±l misafir ettik. Annem beni dÃ¼nyaya getirmek iÃ§in annesinin evine gidip ben 9 gÃ¼nlÃ¼kken geri gelince eve almadÄ±lar.   Annemin bana bir Ã¶rtÃ¼ almasÄ±na bileâ€¦ https://t.co/kBsQxX9pos",2,18,86,655,tr,1662431695985860609,1718936284415078462,savashattimTR,https://twitter.com/savashattimTR/status/1718936284415078462,
Mon Oct 30 09:51:08 +0000 2023,1718928512113877415,"Filistinli dÃ¼nyaca Ã¼nlÃ¼ model Bella Hadidâ€™in babasÄ± Mohamed Hadid:   Nazilerden kaÃ§an iki Yahudi aileyi evimize aldÄ±k, 2,5 yÄ±l misafir ettik. Annem beni dÃ¼nyaya getirmek iÃ§in annesinin evine gidip ben 9 gÃ¼nlÃ¼kken geri gelince eve almadÄ±lar."" +++ https://t.co/LiKXhxtdYN""",0,2,38,185,tr,304578355,1718928512113877415,HareketHaberr,https://twitter.com/HareketHaberr/status/1718928512113877415,
Mon Oct 30 09:50:09 +0000 2023,1718928267518894132,"Filistinli dÃ¼nyaca Ã¼nlÃ¼ model Bella Hadidâ€™in babasÄ± Mohamed Hadid:     Nazilerden kaÃ§an 2 Yahudi aileyi evimize aldÄ±k, 2,5 yÄ±l misafir ettik. Annem beni dÃ¼nyaya getirmek iÃ§in annesinin evine gidip ben 9 gÃ¼nlÃ¼kken geri gelince eve almadÄ±lar.    Annemin bana bir Ã¶rtÃ¼ almasÄ±na bileâ€¦ https://t.co/JfbOqnDXCf""",73,36,1374,3095,tr,448156729,1718928267518894132,trhaber_com,https://twitter.com/trhaber_com/status/1718928267518894132,
Mon Oct 30 09:12:15 +0000 2023,1718918727771533634,Zionists are using AI to make FAKE WAR PROPAGANDA!!!  Bella Hadid and her family are PalestiniansğŸ‡µğŸ‡¸ and in full support of Palestine!,59,339,1895,5717,en,1446231057259433988,1718918727771533634,DrLoupis,https://twitter.com/DrLoupis/status/1718918727771533634,
Mon Oct 30 08:24:54 +0000 2023,1718906813779698099,"Filistinli dÃ¼nyaca Ã¼nlÃ¼ model Bella Hadidâ€™in babasÄ± Mohamed Hadid:   â€œNazilerden kaÃ§an 2 Yahudi aileyi evimize aldÄ±k, 2,5 yÄ±l misafir ettik. Annem beni dÃ¼nyaya getirmek iÃ§in annesinin evine gidip ben 9 gÃ¼nlÃ¼kken geri gelince eve almadÄ±lar.   Annemin bana bir Ã¶rtÃ¼ almasÄ±na bileâ€¦ https://t.co/XnC3mWxpUT",35,29,568,1219,tr,784408138376183808,1718906813779698099,safhacom,https://twitter.com/safhacom/status/1718906813779698099,
Mon Oct 30 07:54:55 +0000 2023,1718899268227117144,Belakangan ini lagi banyak AI video gini karena ada platform baru rilis atau gimana sih? Kemarin baru liat yang Jokowi ngmg bhs Mandarin &amp  Bella Hadid blg dukung Israelâ€¦,14,19,167,1385,in,1080481376623722507,1718899268227117144,senjatanuklir,https://twitter.com/senjatanuklir/status/1718899268227117144,
Mon Oct 30 06:33:22 +0000 2023,1718878746239975531,"This is an AI speech depicting Bella Hadid retracting her Palestinian advocacy and supporting Isreal. I screenshotted because I didn't want to share.  This is a grave &amp  terrifying use.  Call out any AI normalising imitating people when you see it, no matter if it's funny or fun. https://t.co/ePO6pJ1cqU",1,5,70,267,en,384013387,1718878746239975531,ginamartinuk,https://twitter.com/ginamartinuk/status/1718878746239975531,
Mon Oct 30 04:03:11 +0000 2023,1718840950250733798,"ğŸ‡®ğŸ‡± Israeliâ€™s are using A.I to forge videos of Bella Hadid supporting Israel.  Bella Hadid is Palestinian ğŸ‡µğŸ‡¸  Her and her family have ALWAYS been Pro-Palestine.  Jewish refugees from Poland were taken in by Bellaâ€™s family in Palestine, but they eventually STOLE their own home fromâ€¦",235,554,9426,24735,en,1604139215406727170,1718840950250733798,CensoredMen,https://twitter.com/CensoredMen/status/1718840950250733798,
Mon Oct 30 03:44:52 +0000 2023,1718836341767577846,"Filistinli model Bella Hadidâ€™in babasÄ± Muhammed Hadid: â€œNazilerden kaÃ§an 2 Yahudi aileyi evimize aldÄ±k, 2,5 yÄ±l misafir ettik. Annem beni dÃ¼nyaya getirmek iÃ§in annesinin evine gidip ben 9 gÃ¼nlÃ¼kken geri gelince eve almadÄ±lar. Annemin bana bir Ã¶rtÃ¼ almasÄ±na bile izin vermedilerâ€ https://t.co/D3IW2gPNtw",258,101,3780,8941,tr,52017534,1718836341767577846,recepyetercom,https://twitter.com/recepyetercom/status/1718836341767577846,
Mon Oct 30 01:54:06 +0000 2023,1718808464850382931,"Thread: Israel-Hamas war misinformation - Day 23  A deepfake video of US model Bella Hadid, in which she apologises for her past remarks"" about Israel, has been viewed millions of times.  The deepfake is a manipulated version of Hadid's remarks at a 2016 lyme alliance ceremony. https://t.co/dkk5qCeCdg""",52,42,1186,2611,en,65494780,1718808464850382931,Shayan86,https://twitter.com/Shayan86/status/1718808464850382931,
Mon Oct 30 01:41:05 +0000 2023,1718805187207299244,â€œeven if my career stops i will never stop supporting palestineâ€ â€” bella hadid    https://t.co/DE05VfQblh,11,10,688,3808,en,1084162669169557505,1718805187207299244,nobarbienocrime,https://twitter.com/nobarbienocrime/status/1718805187207299244,
